{"stats":{"minecraft:broken":{"minecraft:stone_pickaxe":1,"minecraft:wooden_shovel":1,"minecraft:stone_axe":1,"minecraft:wooden_axe":1},"minecraft:picked_up":{"minecraft:wooden_axe":1,"minecraft:crafting_table":1,"minecraft:magma_block":17,"minecraft:andesite":5,"minecraft:wooden_pickaxe":2,"minecraft:flint":4,"minecraft:dirt":247,"minecraft:string":10,"minecraft:raw_copper":68,"minecraft:bone":2,"minecraft:wheat_seeds":2,"minecraft:spruce_planks":32,"minecraft:stone_pickaxe":4,"minecraft:stick":24,"minecraft:raw_iron":23,"minecraft:sandstone":1,"minecraft:gravel":39,"minecraft:sand":22,"minecraft:spruce_sapling":18,"minecraft:spruce_log":81,"minecraft:spider_eye":3,"minecraft:arrow":4,"minecraft:rotten_flesh":6,"minecraft:stone_axe":5,"minecraft:granite":6,"minecraft:coal":25,"minecraft:cobblestone":160},"minecraft:dropped":{"minecraft:stone_axe":2,"minecraft:spruce_planks":1,"minecraft:wooden_axe":1,"minecraft:stone_pickaxe":1},"minecraft:custom":{"minecraft:interact_with_furnace":11,"minecraft:mob_kills":6,"minecraft:interact_with_crafting_table":15,"minecraft:leave_game":1,"minecraft:time_since_death":2214,"minecraft:time_since_rest":2253,"minecraft:sprint_one_cm":98962,"minecraft:damage_taken":3142,"minecraft:walk_one_cm":97463,"minecraft:drop":5,"minecraft:damage_dealt":1236,"minecraft:swim_one_cm":154225,"minecraft:fly_one_cm":13579,"minecraft:open_chest":5,"minecraft:crouch_one_cm":314,"minecraft:play_time":71154,"minecraft:deaths":12,"minecraft:sneak_time":4074,"minecraft:walk_under_water_one_cm":74416,"minecraft:jump":432,"minecraft:walk_on_water_one_cm":12282,"minecraft:total_world_time":71154,"minecraft:fall_one_cm":10713},"minecraft:used":{"minecraft:stone_pickaxe":142,"minecraft:chest":2,"minecraft:wooden_pickaxe":34,"minecraft:wooden_shovel":59,"minecraft:rotten_flesh":4,"minecraft:dirt":10,"minecraft:crafting_table":2,"minecraft:wooden_axe":57,"minecraft:spruce_sapling":2,"minecraft:stone_axe":84,"minecraft:magma_block":15,"minecraft:furnace":1},"minecraft:killed":{"minecraft:spider":2,"minecraft:skeleton":1,"minecraft:zombie":3},"minecraft:killed_by":{"minecraft:creeper":1,"minecraft:spider":1,"minecraft:zombie":2},"minecraft:crafted":{"minecraft:wooden_shovel":1,"minecraft:crafting_table":1,"minecraft:spruce_planks":52,"minecraft:wooden_pickaxe":1,"minecraft:furnace":1,"minecraft:stone_axe":1,"minecraft:charcoal":23,"minecraft:shield":1,"minecraft:stick":16,"minecraft:iron_ingot":1,"minecraft:stone_pickaxe":2,"minecraft:wooden_axe":1,"minecraft:chest":2},"minecraft:mined":{"minecraft:crafting_table":1,"minecraft:granite":4,"minecraft:grass_block":21,"minecraft:copper_ore":4,"minecraft:spruce_leaves":51,"minecraft:sandstone":1,"minecraft:magma_block":17,"minecraft:iron_ore":23,"minecraft:spruce_log":75,"minecraft:andesite":6,"minecraft:coal_ore":30,"minecraft:sand":1,"minecraft:gravel":12,"minecraft:dirt":27,"minecraft:stone":75}},"DataVersion":3953}