{"stats":{"minecraft:picked_up":{"minecraft:spruce_sapling":1,"minecraft:spruce_log":3,"minecraft:spruce_planks":1},"minecraft:dropped":{"minecraft:spruce_log":1},"minecraft:custom":{"minecraft:jump":9,"minecraft:time_since_rest":20117,"minecraft:damage_taken":35,"minecraft:walk_one_cm":26414,"minecraft:leave_game":8,"minecraft:damage_dealt":30,"minecraft:crouch_one_cm":10,"minecraft:sprint_one_cm":1887,"minecraft:play_time":20117,"minecraft:time_since_death":20117,"minecraft:sneak_time":60,"minecraft:total_world_time":20117,"minecraft:drop":1,"minecraft:fly_one_cm":116},"minecraft:used":{"minecraft:spruce_log":1},"minecraft:mined":{"minecraft:spruce_leaves":3,"minecraft:spruce_log":2}},"DataVersion":3953}