{"stat.flyOneCm":17343,"stat.deaths":2,"stat.walkOneCm":79126,"stat.drop":3,"stat.useItem.minecraft.torch":1,"stat.jump":87,"stat.playerKills":1,"stat.playOneMinute":12910,"achievement.openInventory":4,"stat.fallOneCm":211,"stat.damageTaken":630,"stat.damageDealt":430,"stat.useItem.minecraft.cobblestone":3,"stat.crouchOneCm":71,"stat.mineBlock.minecraft.torch":1,"stat.timeSinceDeath":4518,"stat.useItem.minecraft.wooden_pickaxe":1,"stat.useItem.minecraft.furnace":1,"stat.useItem.minecraft.stained_hardened_clay":1,"stat.useItem.minecraft.wooden_shovel":5,"stat.sprintOneCm":26368,"achievement.exploreAllBiomes":{"value":0,"progress":["Plains"]}}