{"stat.chestOpened":6,"stat.beaconInteraction":1,"stat.walkOneCm":274603,"stat.useItem.minecraft.torch":1,"stat.killEntity.EntityHorse":1,"stat.playerKills":3,"stat.useItem.minecraft.chest":1,"stat.horseOneCm":4159,"stat.mineBlock.minecraft.slime":11,"stat.useItem.minecraft.cobblestone":4,"stat.minecartOneCm":1558,"stat.killEntity.Creeper":1,"stat.talkedToVillager":2,"stat.useItem.minecraft.diamond_sword":43,"stat.useItem.minecraft.potion":2,"stat.jump":570,"stat.swimOneCm":78,"stat.fallOneCm":87799,"stat.useItem.minecraft.golden_axe":32,"stat.crouchOneCm":1818,"stat.useItem.minecraft.written_book":1,"stat.useItem.minecraft.stained_hardened_clay":1,"stat.useItem.minecraft.obsidian":12,"stat.sprintOneCm":96680,"achievement.exploreAllBiomes":{"value":0,"progress":["Plains"]},"stat.killEntity.Skeleton":1,"achievement.openInventory":54,"stat.mineBlock.minecraft.fence":2,"stat.damageTaken":14583,"stat.killEntity.Spider":2,"stat.mineBlock.minecraft.torch":1,"stat.useItem.minecraft.wooden_pickaxe":1,"stat.useItem.minecraft.furnace":1,"stat.killEntity.Endermite":1,"stat.dispenserInspected":1,"stat.useItem.minecraft.ender_eye":1,"stat.useItem.minecraft.wooden_shovel":5,"stat.mobKills":18,"stat.mineBlock.minecraft.carpet":1,"stat.useItem.minecraft.golden_apple":12,"stat.flyOneCm":88089,"stat.deaths":15,"stat.useItem.minecraft.ender_pearl":4,"stat.useItem.minecraft.end_portal_frame":5,"stat.drop":10,"stat.playOneMinute":49658,"stat.killEntity.Witch":1,"stat.killEntity.Sheep":1,"stat.damageDealt":18158,"stat.useItem.minecraft.wool":2,"stat.killEntity.Zombie":2,"stat.timeSinceDeath":5327,"stat.entityKilledBy.LavaSlime":2,"stat.useItem.minecraft.fishing_rod":6,"stat.diveOneCm":11047}