{"stat.chestOpened":5,"stat.beaconInteraction":1,"stat.walkOneCm":215459,"stat.useItem.minecraft.torch":1,"stat.killEntity.EntityHorse":1,"stat.playerKills":3,"stat.useItem.minecraft.chest":1,"achievement.openInventory":28,"stat.horseOneCm":4159,"stat.mineBlock.minecraft.fence":2,"stat.damageTaken":5367,"stat.mineBlock.minecraft.slime":11,"stat.useItem.minecraft.cobblestone":4,"stat.mineBlock.minecraft.torch":1,"stat.useItem.minecraft.wooden_pickaxe":1,"stat.useItem.minecraft.furnace":1,"stat.killEntity.Endermite":1,"stat.dispenserInspected":1,"stat.useItem.minecraft.wooden_shovel":5,"stat.mobKills":11,"stat.mineBlock.minecraft.carpet":1,"stat.minecartOneCm":1558,"stat.talkedToVillager":2,"stat.useItem.minecraft.potion":2,"stat.useItem.minecraft.golden_apple":10,"stat.flyOneCm":66353,"stat.deaths":11,"stat.drop":3,"stat.jump":409,"stat.playOneMinute":37114,"stat.fallOneCm":13339,"stat.useItem.minecraft.golden_axe":32,"stat.damageDealt":10911,"stat.crouchOneCm":841,"stat.useItem.minecraft.wool":2,"stat.killEntity.Zombie":1,"stat.timeSinceDeath":9674,"stat.useItem.minecraft.stained_hardened_clay":1,"stat.sprintOneCm":78664,"achievement.exploreAllBiomes":{"value":0,"progress":["Plains"]}}