{"stat.chestOpened":4,"stat.walkOneCm":152462,"stat.useItem.minecraft.torch":1,"stat.playerKills":2,"stat.useItem.minecraft.chest":1,"achievement.openInventory":8,"stat.damageTaken":2766,"stat.useItem.minecraft.cobblestone":3,"stat.mineBlock.minecraft.torch":1,"stat.useItem.minecraft.wooden_pickaxe":1,"stat.useItem.minecraft.furnace":1,"stat.killEntity.Endermite":1,"stat.useItem.minecraft.wooden_shovel":5,"stat.mobKills":1,"stat.minecartOneCm":1418,"stat.talkedToVillager":1,"stat.useItem.minecraft.golden_apple":2,"stat.flyOneCm":56370,"stat.deaths":8,"stat.drop":3,"stat.jump":302,"stat.playOneMinute":24532,"stat.fallOneCm":9784,"stat.useItem.minecraft.golden_axe":7,"stat.damageDealt":1138,"stat.crouchOneCm":452,"stat.timeSinceDeath":1603,"stat.useItem.minecraft.stained_hardened_clay":1,"stat.sprintOneCm":67012,"achievement.exploreAllBiomes":{"value":0,"progress":["Plains"]}}