{"stat.chestOpened":8,"stat.beaconInteraction":1,"stat.walkOneCm":361106,"stat.useItem.minecraft.torch":1,"stat.killEntity.EntityHorse":1,"stat.playerKills":5,"stat.useItem.minecraft.chest":2,"stat.horseOneCm":4159,"stat.leaveGame":1,"stat.mineBlock.minecraft.slime":11,"stat.useItem.minecraft.cobblestone":4,"stat.killEntity.Ozelot":3,"stat.minecartOneCm":1558,"stat.killEntity.Creeper":4,"stat.talkedToVillager":6,"stat.useItem.minecraft.diamond_sword":154,"stat.useItem.minecraft.potion":3,"stat.jump":629,"stat.swimOneCm":78,"stat.fallOneCm":89701,"stat.climbOneCm":1282,"stat.useItem.minecraft.golden_axe":32,"stat.crouchOneCm":1920,"stat.useItem.minecraft.written_book":1,"stat.useItem.minecraft.stained_hardened_clay":1,"stat.craftItem.minecraft.chest":1,"stat.useItem.minecraft.obsidian":12,"stat.sprintOneCm":112738,"achievement.exploreAllBiomes":{"value":0,"progress":["Plains"]},"stat.killEntity.Skeleton":3,"achievement.openInventory":72,"stat.mineBlock.minecraft.fence":2,"stat.damageTaken":21081,"stat.killEntity.Spider":4,"stat.mineBlock.minecraft.torch":1,"stat.useItem.minecraft.wooden_pickaxe":1,"stat.useItem.minecraft.furnace":1,"stat.killEntity.Endermite":1,"stat.dispenserInspected":3,"stat.tradedWithVillager":1,"stat.useItem.minecraft.ender_eye":1,"stat.useItem.minecraft.wooden_shovel":5,"stat.mobKills":51,"stat.mineBlock.minecraft.carpet":1,"stat.useItem.minecraft.golden_apple":15,"stat.flyOneCm":140757,"stat.deaths":23,"stat.useItem.minecraft.ender_pearl":11,"stat.useItem.minecraft.end_portal_frame":5,"stat.drop":12,"stat.playOneMinute":62439,"stat.killEntity.Witch":1,"stat.entityKilledBy.Zombie":6,"stat.killEntity.Sheep":3,"stat.damageDealt":39569,"stat.useItem.minecraft.wool":4,"stat.killEntity.Zombie":15,"stat.timeSinceDeath":410,"stat.entityKilledBy.LavaSlime":2,"stat.useItem.minecraft.fishing_rod":6,"stat.diveOneCm":11047}