{"stat.chestOpened":13,"stat.mineBlock.minecraft.quartz_stairs":1,"stat.walkOneCm":203326,"stat.playerKills":1,"stat.useItem.minecraft.chest":2,"stat.useItem.minecraft.iron_axe":3,"stat.leaveGame":1,"stat.mineBlock.minecraft.cobblestone":10,"stat.mineBlock.minecraft.slime":4,"stat.useItem.minecraft.cobblestone":35,"stat.useItem.minecraft.diamond_axe":4,"stat.useItem.minecraft.lava_bucket":3,"stat.minecartOneCm":1192,"stat.talkedToVillager":10,"stat.useItem.minecraft.potion":1,"stat.jump":329,"stat.mineBlock.minecraft.diamond_block":4,"stat.swimOneCm":131,"stat.useItem.minecraft.sand":1,"stat.fallOneCm":1494,"stat.crouchOneCm":135,"stat.mineBlock.minecraft.wool":3,"stat.mineBlock.minecraft.chest":2,"stat.craftItem.minecraft.diamond":36,"achievement.mineWood":4,"stat.craftItem.minecraft.iron_ingot":27,"stat.useItem.minecraft.obsidian":7,"stat.mineBlock.minecraft.stained_hardened_clay":2,"stat.sprintOneCm":49164,"achievement.exploreAllBiomes":{"value":0,"progress":["Plains"]},"stat.mineBlock.minecraft.iron_block":9,"stat.killEntity.Skeleton":1,"stat.mineBlock.minecraft.iron_bars":7,"achievement.openInventory":67,"stat.useItem.minecraft.iron_sword":56,"stat.damageTaken":3069,"stat.mineBlock.minecraft.quartz_block":3,"stat.mobKills":5,"stat.useItem.minecraft.bucket":3,"stat.useItem.minecraft.golden_apple":6,"stat.flyOneCm":112047,"stat.deaths":9,"stat.drop":5,"stat.playOneMinute":57517,"stat.entityKilledBy.Zombie":1,"stat.craftItem.minecraft.emerald":9,"stat.damageDealt":4222,"stat.killEntity.Rabbit":1,"stat.useItem.minecraft.wool":2,"stat.killEntity.Zombie":1,"stat.craftItem.minecraft.dye":9,"stat.timeSinceDeath":390,"stat.useItem.minecraft.iron_pickaxe":85,"stat.useItem.minecraft.spawn_egg":1,"stat.mineBlock.minecraft.stone":32,"stat.useItem.minecraft.wooden_slab":7,"stat.diveOneCm":7955}