{"stat.chestOpened":10,"stat.mineBlock.minecraft.quartz_stairs":1,"stat.walkOneCm":115809,"stat.mineBlock.minecraft.iron_bars":7,"stat.playerKills":1,"stat.useItem.minecraft.chest":2,"achievement.openInventory":12,"stat.useItem.minecraft.iron_sword":6,"stat.useItem.minecraft.iron_axe":2,"stat.leaveGame":1,"stat.mineBlock.minecraft.cobblestone":7,"stat.damageTaken":1536,"stat.useItem.minecraft.cobblestone":33,"stat.mineBlock.minecraft.quartz_block":1,"stat.mobKills":1,"stat.talkedToVillager":4,"stat.useItem.minecraft.golden_apple":1,"stat.flyOneCm":38429,"stat.deaths":6,"stat.drop":1,"stat.jump":165,"stat.mineBlock.minecraft.diamond_block":4,"stat.playOneMinute":32424,"stat.fallOneCm":1051,"stat.damageDealt":340,"stat.crouchOneCm":135,"stat.mineBlock.minecraft.chest":2,"stat.timeSinceDeath":6440,"stat.mineBlock.minecraft.stained_hardened_clay":1,"stat.sprintOneCm":31316,"stat.useItem.minecraft.iron_pickaxe":29,"stat.mineBlock.minecraft.stone":5,"achievement.exploreAllBiomes":{"value":0,"progress":["Plains"]}}