{"stat.chestOpened":10,"stat.mineBlock.minecraft.quartz_stairs":1,"stat.walkOneCm":156260,"stat.mineBlock.minecraft.iron_bars":7,"stat.playerKills":1,"stat.useItem.minecraft.chest":2,"achievement.openInventory":43,"stat.useItem.minecraft.iron_sword":29,"stat.useItem.minecraft.iron_axe":2,"stat.leaveGame":1,"stat.mineBlock.minecraft.cobblestone":10,"stat.damageTaken":2258,"stat.mineBlock.minecraft.slime":4,"stat.useItem.minecraft.cobblestone":35,"stat.mineBlock.minecraft.quartz_block":1,"stat.mobKills":2,"stat.minecartOneCm":1192,"stat.talkedToVillager":5,"stat.useItem.minecraft.potion":1,"stat.useItem.minecraft.golden_apple":3,"stat.flyOneCm":72320,"stat.deaths":7,"stat.drop":2,"stat.jump":239,"stat.mineBlock.minecraft.diamond_block":4,"stat.swimOneCm":45,"stat.useItem.minecraft.sand":1,"stat.playOneMinute":44980,"stat.fallOneCm":1051,"stat.craftItem.minecraft.emerald":9,"stat.damageDealt":2180,"stat.killEntity.Rabbit":1,"stat.crouchOneCm":135,"stat.mineBlock.minecraft.chest":2,"stat.craftItem.minecraft.diamond":36,"stat.timeSinceDeath":1469,"stat.craftItem.minecraft.dye":9,"achievement.mineWood":4,"stat.craftItem.minecraft.iron_ingot":18,"stat.mineBlock.minecraft.stained_hardened_clay":2,"stat.sprintOneCm":33609,"stat.useItem.minecraft.iron_pickaxe":77,"stat.mineBlock.minecraft.stone":32,"achievement.exploreAllBiomes":{"value":0,"progress":["Plains"]},"stat.mineBlock.minecraft.iron_block":8}