{"stats":{"minecraft:picked_up":{"minecraft:crafting_table":1,"minecraft:stick":9,"minecraft:sandstone":1,"minecraft:andesite":1,"minecraft:brown_mushroom":2,"minecraft:torch":5,"minecraft:wooden_pickaxe":1,"minecraft:gravel":3,"minecraft:sand":9,"minecraft:spruce_sapling":4,"minecraft:spruce_log":50,"minecraft:dirt":35,"minecraft:raw_copper":17,"minecraft:arrow":2,"minecraft:rotten_flesh":6,"minecraft:stone_axe":3,"minecraft:wheat_seeds":2,"minecraft:spruce_planks":22,"minecraft:granite":2,"minecraft:stone_pickaxe":2,"minecraft:coal":5,"minecraft:cobblestone":67},"minecraft:dropped":{"minecraft:dirt":13,"minecraft:stone_axe":2,"minecraft:spruce_planks":22,"minecraft:raw_copper":17,"minecraft:spruce_log":1,"minecraft:stone_pickaxe":1,"minecraft:stick":4},"minecraft:custom":{"minecraft:time_since_rest":2026,"minecraft:interact_with_furnace":4,"minecraft:sprint_one_cm":19128,"minecraft:damage_taken":770,"minecraft:walk_one_cm":108321,"minecraft:mob_kills":12,"minecraft:drop":11,"minecraft:damage_dealt":2194,"minecraft:interact_with_crafting_table":8,"minecraft:fly_one_cm":10175,"minecraft:open_chest":2,"minecraft:play_time":131404,"minecraft:deaths":3,"minecraft:sneak_time":73,"minecraft:walk_under_water_one_cm":1072,"minecraft:jump":224,"minecraft:walk_on_water_one_cm":3040,"minecraft:leave_game":4,"minecraft:time_since_death":2000,"minecraft:interact_with_smoker":7,"minecraft:total_world_time":131404,"minecraft:fall_one_cm":5368},"minecraft:used":{"minecraft:stone_pickaxe":24,"minecraft:spruce_planks":1,"minecraft:wooden_pickaxe":4,"minecraft:brown_mushroom":2,"minecraft:rotten_flesh":4,"minecraft:stone_axe":74,"minecraft:torch":12,"minecraft:dirt":8,"minecraft:crafting_table":1,"minecraft:smoker":1,"minecraft:spruce_log":5},"minecraft:killed":{"minecraft:skeleton":3,"minecraft:zombie":7,"minecraft:zombie_villager":1,"minecraft:spider":1},"minecraft:killed_by":{"minecraft:spider":1,"minecraft:zombie":1},"minecraft:crafted":{"minecraft:charcoal":3,"minecraft:spruce_planks":30,"minecraft:stick":12,"minecraft:iron_ingot":22,"minecraft:wooden_pickaxe":1,"minecraft:stone_pickaxe":1,"minecraft:furnace":1,"minecraft:torch":12,"minecraft:stone_axe":1,"minecraft:smoker":1},"minecraft:mined":{"minecraft:large_fern":8,"minecraft:spruce_planks":1,"minecraft:brown_mushroom":2,"minecraft:spruce_log":37,"minecraft:torch":1,"minecraft:crafting_table":1,"minecraft:short_grass":2,"minecraft:grass_block":12,"minecraft:gravel":3,"minecraft:sand":9,"minecraft:dirt":10,"minecraft:spruce_leaves":15,"minecraft:stone":11,"minecraft:fern":3}},"DataVersion":3953}